o_orderkey,o_custkey,o_orderstatus,o_totalprice,o_orderdate,o_orderpriority,o_clerk,o_shippriority,o_comment
1,37,O,131251.81,1996-01-02,5-LOW,Clerk#000000951,0,nstructions sleep furiously among 
2,79,O,40183.29,1996-12-01,1-URGENT,Clerk#000000880,0," foxes. pending accounts at the pending, silent asymptot"
3,124,F,160882.76,1993-10-14,5-LOW,Clerk#000000955,0,sly final accounts boost. carefully regular ideas cajole carefully. depos
4,137,O,31084.79,1995-10-11,5-LOW,Clerk#000000124,0,"sits. slyly regular warthogs cajole. regular, regular theodolites acro"
5,46,F,86615.25,1994-07-30,5-LOW,Clerk#000000925,0,quickly. bold deposits sleep slyly. packages use slyly
6,56,F,36468.55,1992-02-21,4-NOT SPECIFIED,Clerk#000000058,0,"ggle. special, final requests are against the furiously specia"
7,40,O,171488.73,1996-01-10,2-HIGH,Clerk#000000470,0,ly special requests 
32,131,O,116923.0,1995-07-16,2-HIGH,Clerk#000000616,0,"ise blithely bold, regular requests. quickly unusual dep"
33,67,F,99798.76,1993-10-27,3-MEDIUM,Clerk#000000409,0,uriously. furiously final request
34,62,O,41670.02,1998-07-21,3-MEDIUM,Clerk#000000223,0,ly final packages. fluffily final deposits wake blithely ideas. spe
35,128,O,148789.52,1995-10-23,4-NOT SPECIFIED,Clerk#000000259,0,zzle. carefully enticing deposits nag furio
36,116,O,38988.98,1995-11-03,1-URGENT,Clerk#000000358,0, quick packages are blithely. slyly silent accounts wake qu
37,88,F,113701.89,1992-06-03,3-MEDIUM,Clerk#000000456,0,kly regular pinto beans. carefully unusual waters cajole never
38,125,O,46366.56,1996-08-21,4-NOT SPECIFIED,Clerk#000000604,0,haggle blithely. furiously express ideas haggle blithely furiously regular re
39,82,O,219707.84,1996-09-20,3-MEDIUM,Clerk#000000659,0,"ole express, ironic requests: ir"
64,34,F,20065.73,1994-07-16,3-MEDIUM,Clerk#000000661,0,wake fluffily. sometimes ironic pinto beans about the dolphin
65,17,P,65883.92,1995-03-18,1-URGENT,Clerk#000000632,0,ular requests are blithely pending orbits-- even requests against the deposit
66,130,F,79258.24,1994-01-20,5-LOW,Clerk#000000743,0,y pending requests integrate
67,58,O,116227.05,1996-12-19,4-NOT SPECIFIED,Clerk#000000547,0,symptotes haggle slyly around the furiously iron
68,29,O,215135.72,1998-04-18,3-MEDIUM,Clerk#000000440,0, pinto beans sleep carefully. blithely ironic deposits haggle furiously acro
69,85,F,162176.23,1994-06-04,4-NOT SPECIFIED,Clerk#000000330,0, depths atop the slyly thin deposits detect among the furiously silent accou
70,65,F,84651.8,1993-12-18,5-LOW,Clerk#000000322,0, carefully ironic request
71,4,O,178821.73,1998-01-24,4-NOT SPECIFIED,Clerk#000000271,0, express deposits along the blithely regul
96,109,F,55090.67,1994-04-17,2-HIGH,Clerk#000000395,0,oost furiously. pinto
97,22,F,68908.31,1993-01-29,3-MEDIUM,Clerk#000000547,0,hang blithely along the regular accounts. furiously even ideas after the
98,106,F,51004.44,1994-09-25,1-URGENT,Clerk#000000448,0,c asymptotes. quickly regular packages should have to nag re
99,89,F,92326.79,1994-03-13,4-NOT SPECIFIED,Clerk#000000973,0,e carefully ironic packages. pending
100,148,O,141311.01,1998-02-28,4-NOT SPECIFIED,Clerk#000000577,0,heodolites detect slyly alongside of the ent
101,28,O,95591.4,1996-03-17,3-MEDIUM,Clerk#000000419,0,ding accounts above the slyly final asymptote
102,1,O,113954.89,1997-05-09,2-HIGH,Clerk#000000596,0, slyly according to the asymptotes. carefully final packages integrate furious
103,31,O,95563.95,1996-06-20,4-NOT SPECIFIED,Clerk#000000090,0,ges. carefully unusual instructions haggle quickly regular f
128,74,F,36333.34,1992-06-15,1-URGENT,Clerk#000000385,0,ns integrate fluffily. ironic asymptotes after the regular excuses nag around 
129,73,F,188124.55,1992-11-19,5-LOW,Clerk#000000859,0,ing tithes. carefully pending deposits boost about the silently express 
130,37,F,115717.37,1992-05-08,2-HIGH,Clerk#000000036,0,"le slyly unusual, regular packages? express deposits det"
131,94,F,96596.81,1994-06-08,3-MEDIUM,Clerk#000000625,0,after the fluffily special foxes integrate s
132,28,F,118802.62,1993-06-11,3-MEDIUM,Clerk#000000488,0,sits are daringly accounts. carefully regular foxes sleep slyly about the
133,44,O,80437.72,1997-11-29,1-URGENT,Clerk#000000738,0,usly final asymptotes 
134,7,F,154260.84,1992-05-01,4-NOT SPECIFIED,Clerk#000000711,0,lar theodolites boos
135,61,O,174569.88,1995-10-21,4-NOT SPECIFIED,Clerk#000000804,0,l platelets use according t
160,83,O,86076.86,1996-12-19,4-NOT SPECIFIED,Clerk#000000342,0,thely special sauternes wake slyly of t
161,17,F,19056.99,1994-08-31,2-HIGH,Clerk#000000322,0,carefully! special instructions sin
162,16,O,2158.13,1995-05-08,3-MEDIUM,Clerk#000000378,0,"nts hinder fluffily ironic instructions. express, express excuses "
163,88,O,125170.86,1997-09-05,3-MEDIUM,Clerk#000000379,0,y final packages. final foxes since the quickly even
164,1,F,202660.52,1992-10-21,5-LOW,Clerk#000000209,0,cajole ironic courts. slyly final ideas are slyly. blithely final Tiresias sub
165,28,F,141824.23,1993-01-30,4-NOT SPECIFIED,Clerk#000000292,0,across the blithely regular accounts. bold
166,109,O,93335.6,1995-09-12,2-HIGH,Clerk#000000440,0,"lets. ironic, bold asymptotes kindle"
167,121,F,52982.23,1993-01-04,4-NOT SPECIFIED,Clerk#000000731,0,s nag furiously bold excuses. fluffily iron
192,83,O,133002.55,1997-11-25,5-LOW,Clerk#000000483,0,y unusual platelets among the final instructions integrate rut
193,80,F,48053.18,1993-08-08,1-URGENT,Clerk#000000025,0,the furiously final pin
194,62,F,114097.63,1992-04-05,3-MEDIUM,Clerk#000000352,0,"egular requests haggle slyly regular, regular pinto beans. asymptote"
195,136,F,120053.52,1993-12-28,3-MEDIUM,Clerk#000000216,0,old forges are furiously sheaves. slyly fi
196,65,F,33248.04,1993-03-17,2-HIGH,Clerk#000000988,0,beans boost at the foxes. silent foxes
197,34,P,100290.07,1995-04-07,2-HIGH,Clerk#000000969,0,solve quickly about the even braids. carefully express deposits affix care
198,112,O,125792.83,1998-01-02,4-NOT SPECIFIED,Clerk#000000331,0,its. carefully ironic requests sleep. furiously express fox
199,53,O,80592.44,1996-03-07,2-HIGH,Clerk#000000489,0,g theodolites. special packag
224,4,F,155680.6,1994-06-18,4-NOT SPECIFIED,Clerk#000000642,0,r the quickly thin courts. carefully
225,34,P,165890.47,1995-05-25,1-URGENT,Clerk#000000177,0,s. blithely ironic accounts wake quickly fluffily special acc
226,128,F,180119.22,1993-03-10,2-HIGH,Clerk#000000756,0,s are carefully at the blithely ironic acc
227,10,O,46076.46,1995-11-10,5-LOW,Clerk#000000919,0, express instructions. slyly regul
228,46,F,2638.98,1993-02-25,1-URGENT,Clerk#000000562,0,es was slyly among the regular foxes. blithely regular dependenci
229,112,F,142290.77,1993-12-29,1-URGENT,Clerk#000000628,0,he fluffily even instructions. furiously i
230,103,F,107231.6,1993-10-27,1-URGENT,Clerk#000000520,0,odolites. carefully quick requ
231,91,F,141554.06,1994-09-29,2-HIGH,Clerk#000000446,0, packages haggle slyly after the carefully ironic instruct
256,125,F,106315.25,1993-10-19,4-NOT SPECIFIED,Clerk#000000834,0,he fluffily final ideas might are final accounts. carefully f
257,124,O,7102.74,1998-03-28,3-MEDIUM,Clerk#000000680,0,ts against the sly warhorses cajole slyly accounts
258,43,F,186669.1,1993-12-29,1-URGENT,Clerk#000000167,0,dencies. blithely quick packages cajole. ruthlessly final accounts
259,44,F,75661.7,1993-09-29,4-NOT SPECIFIED,Clerk#000000601,0,ages doubt blithely against the final foxes. carefully express deposits dazzle
260,106,O,179292.14,1996-12-10,3-MEDIUM,Clerk#000000960,0,lently regular pinto beans sleep after the slyly e
261,47,F,201003.12,1993-06-29,3-MEDIUM,Clerk#000000310,0,ully fluffily brave instructions. furiousl
262,31,O,108443.84,1995-11-25,4-NOT SPECIFIED,Clerk#000000551,0,l packages. blithely final pinto beans use carefu
263,118,F,79782.56,1994-05-17,2-HIGH,Clerk#000000088,0, pending instructions. blithely un
288,8,O,163794.53,1997-02-21,1-URGENT,Clerk#000000109,0,"uriously final requests. even, final ideas det"
289,104,O,131092.67,1997-02-10,3-MEDIUM,Clerk#000000103,0,sily. slyly special excuse
290,118,F,62814.89,1994-01-01,4-NOT SPECIFIED,Clerk#000000735,0,efully dogged deposits. furiou
291,142,F,66817.05,1994-03-13,1-URGENT,Clerk#000000923,0,dolites. carefully regular pinto beans cajol
292,23,F,30783.05,1992-01-13,2-HIGH,Clerk#000000193,0,g pinto beans will have to sleep f
293,31,F,37248.78,1992-10-02,2-HIGH,Clerk#000000629,0,"re bold, ironic deposits. platelets c"
294,52,F,30059.47,1993-07-16,3-MEDIUM,Clerk#000000499,0,kly according to the frays. final dolphins affix quickly 
295,19,F,89345.99,1994-09-29,2-HIGH,Clerk#000000155,0, unusual pinto beans play. regular ideas haggle
320,1,O,39835.54,1997-11-21,2-HIGH,Clerk#000000573,0,ar foxes nag blithely
321,124,F,62251.15,1993-03-21,3-MEDIUM,Clerk#000000289,0,equests run. blithely final dependencies after the deposits wake caref
322,134,F,127068.89,1992-03-19,1-URGENT,Clerk#000000158,0,fully across the slyly bold packages. packages against the quickly regular i
323,40,F,79683.42,1994-03-26,1-URGENT,Clerk#000000959,0,arefully pending foxes sleep blithely. slyly express accoun
324,106,F,26868.85,1992-03-20,1-URGENT,Clerk#000000352,0," about the ironic, regular deposits run blithely against the excuses"
325,41,F,71543.41,1993-10-17,5-LOW,Clerk#000000844,0,ly sometimes pending pa
326,76,O,229165.17,1995-06-04,2-HIGH,Clerk#000000466,0, requests. furiously ironic asymptotes mold carefully alongside of the blit
327,145,P,24468.16,1995-04-17,5-LOW,Clerk#000000992,0,ng the slyly final courts. slyly even escapades eat 
352,107,F,16003.86,1994-03-08,2-HIGH,Clerk#000000932,0,ke slyly bold pinto beans. blithely regular accounts against the spe
353,2,F,179984.42,1993-12-31,5-LOW,Clerk#000000449,0, quiet ideas sleep. even instructions cajole slyly. silently spe
354,139,O,157062.7,1996-03-14,2-HIGH,Clerk#000000511,0,ly regular ideas wake across the slyly silent ideas. final deposits eat b
355,71,F,69447.25,1994-06-14,5-LOW,Clerk#000000532,0,"s. sometimes regular requests cajole. regular, pending accounts a"
356,148,F,162786.67,1994-06-30,4-NOT SPECIFIED,Clerk#000000944,0,"as wake along the bold accounts. even, "
357,61,O,98723.11,1996-10-09,2-HIGH,Clerk#000000301,0,"e blithely about the express, final accounts. quickl"
358,4,F,226806.66,1993-09-20,2-HIGH,Clerk#000000392,0,"l, silent instructions are slyly. silently even de"
359,79,F,142891.22,1994-12-19,3-MEDIUM,Clerk#000000934,0,n dolphins. special courts above the carefully ironic requests use
384,115,F,122785.82,1992-03-03,5-LOW,Clerk#000000206,0,", even accounts use furiously packages. slyly ironic pla"
385,34,O,50724.06,1996-03-22,5-LOW,Clerk#000000600,0,hless accounts unwind bold pain
386,61,F,90380.4,1995-01-25,2-HIGH,Clerk#000000648,0, haggle quickly. stealthily bold asymptotes haggle among the furiously even re
387,4,O,130647.18,1997-01-26,4-NOT SPECIFIED,Clerk#000000768,0, are carefully among the quickly even deposits. furiously silent req
388,46,F,120533.46,1992-12-16,4-NOT SPECIFIED,Clerk#000000356,0,ar foxes above the furiously ironic deposits nag slyly final reque
389,127,F,1984.14,1994-02-17,2-HIGH,Clerk#000000062,0,"ing to the regular asymptotes. final, pending foxes about the blithely sil"
390,103,O,168562.27,1998-04-07,5-LOW,Clerk#000000404,0,"xpress asymptotes use among the regular, final pinto b"
391,112,F,13282.23,1994-11-17,2-HIGH,Clerk#000000256,0,orges thrash fluffil
416,41,F,71362.5,1993-09-27,5-LOW,Clerk#000000294,0, the accounts. fluffily bold depo
417,55,F,91982.29,1994-02-06,3-MEDIUM,Clerk#000000468,0,"ironic, even packages. thinly unusual accounts sleep along the slyly unusual "
418,95,P,33124.96,1995-04-13,4-NOT SPECIFIED,Clerk#000000643,0,. furiously ironic instruc
419,118,O,111597.96,1996-10-01,3-MEDIUM,Clerk#000000376,0,osits. blithely pending theodolites boost carefully
420,91,O,198039.23,1995-10-31,4-NOT SPECIFIED,Clerk#000000756,0,leep carefully final excuses. fluffily pending requests unwind carefully above
421,40,F,1084.38,1992-02-22,5-LOW,Clerk#000000405,0,"egular, even packages according to the final, un"
422,74,O,106045.89,1997-05-31,4-NOT SPECIFIED,Clerk#000000049,0,aggle carefully across the accounts. regular accounts eat fluffi
423,104,O,26981.31,1996-06-01,1-URGENT,Clerk#000000674,0,quests. deposits cajole quickly. furiously bold accounts haggle q
448,149,O,114978.03,1995-08-21,3-MEDIUM,Clerk#000000597,0," regular, express foxes use blithely. quic"
449,97,O,41605.63,1995-07-20,2-HIGH,Clerk#000000841,0,. furiously regular theodolites affix blithely 
450,49,P,153386.61,1995-03-05,4-NOT SPECIFIED,Clerk#000000293,0,d theodolites. boldly bold foxes since the pack
451,100,O,104664.4,1998-05-25,5-LOW,Clerk#000000048,0,nic pinto beans. theodolites poach carefully; 
452,61,O,2007.48,1997-10-14,1-URGENT,Clerk#000000498,0,"t, unusual instructions above the blithely bold pint"
453,46,O,216826.73,1997-05-26,5-LOW,Clerk#000000504,0,ss foxes. furiously regular ideas sleep according to t
454,49,O,23198.24,1995-12-27,5-LOW,Clerk#000000890,0,dolites sleep carefully blithely regular deposits. quickly regul
455,13,O,138010.76,1996-12-04,1-URGENT,Clerk#000000796,0, about the final platelets. dependen
480,73,F,20530.97,1993-05-08,5-LOW,Clerk#000000004,0,ealthy pinto beans. fluffily regular requests along the special sheaves wake 
481,31,F,117827.18,1992-10-08,2-HIGH,Clerk#000000230,0,ly final ideas. packages haggle fluffily
482,127,O,136634.34,1996-03-26,1-URGENT,Clerk#000000295,0,ts. deposits wake: final acco
483,35,O,39793.05,1995-07-11,2-HIGH,Clerk#000000025,0,cross the carefully final e
484,55,O,219920.62,1997-01-03,3-MEDIUM,Clerk#000000545,0,"grouches use. furiously bold accounts maintain. bold, regular deposits"
485,101,O,110432.76,1997-03-26,2-HIGH,Clerk#000000105,0, regular ideas nag thinly furiously s
486,52,O,185968.15,1996-03-11,4-NOT SPECIFIED,Clerk#000000803,0,riously dolphins. fluffily ironic requ
487,109,F,48502.79,1992-08-18,1-URGENT,Clerk#000000086,0,ithely unusual courts eat accordi
512,64,P,124661.48,1995-05-20,5-LOW,Clerk#000000814,0,ding requests. carefully express theodolites was quickly. furious
513,61,O,63703.92,1995-05-01,2-HIGH,Clerk#000000522,0,regular packages. pinto beans cajole carefully against the even
514,76,O,104585.77,1996-04-04,2-HIGH,Clerk#000000094,0, cajole furiously. slyly final excuses cajole. slyly special instructions 
515,142,F,153720.22,1993-08-29,4-NOT SPECIFIED,Clerk#000000700,0,eposits are furiously furiously silent pinto beans. pending pack
516,44,O,10677.86,1998-04-21,2-HIGH,Clerk#000000305,0,"lar, unusual platelets are carefully. even courts sleep bold, final pinto bea"
517,10,O,82197.79,1997-04-07,5-LOW,Clerk#000000359,0,slyly pending deposits cajole quickly packages. furiou
518,145,O,223537.09,1998-02-08,2-HIGH,Clerk#000000768,0, the carefully bold accounts. quickly regular excuses are
519,64,O,95731.5,1997-10-31,1-URGENT,Clerk#000000985,0,ains doze furiously against the f
544,94,F,47627.89,1993-02-17,2-HIGH,Clerk#000000145,0,"the special, final accounts. dogged dolphins"
545,64,O,23476.12,1995-11-07,2-HIGH,Clerk#000000537,0,as. blithely final hockey players about th
546,145,O,14790.37,1996-11-01,2-HIGH,Clerk#000000041,0,osits sleep. slyly special dolphins about the q
547,100,O,96855.29,1996-06-22,3-MEDIUM,Clerk#000000976,0,ing accounts eat. carefully regular packa
548,124,F,99088.75,1994-09-21,1-URGENT,Clerk#000000435,0,arefully express instru
549,110,F,141679.41,1992-07-13,1-URGENT,Clerk#000000196,0,ideas alongside of 
550,25,O,33123.28,1995-08-02,1-URGENT,Clerk#000000204,0,t requests. blithely 
551,91,O,46355.83,1995-05-30,1-URGENT,Clerk#000000179,0,xpress accounts boost quic
576,31,O,18307.45,1997-05-13,3-MEDIUM,Clerk#000000955,0,l requests affix regular requests. final account
577,56,F,34768.68,1994-12-19,5-LOW,Clerk#000000154,0, deposits engage stealthil
578,94,O,70392.02,1997-01-10,5-LOW,Clerk#000000281,0,e blithely even packages. slyly pending platelets bes
579,68,O,120828.12,1998-03-11,2-HIGH,Clerk#000000862,0, regular instructions. blithely even p
580,61,O,88219.12,1997-07-05,2-HIGH,Clerk#000000314,0,tegrate fluffily regular accou
581,70,O,126066.0,1997-02-23,4-NOT SPECIFIED,Clerk#000000239,0, requests. even requests use slyly. blithely ironic 
582,50,O,129004.81,1997-10-21,1-URGENT,Clerk#000000378,0,n pinto beans print a
583,49,O,127817.38,1997-03-19,3-MEDIUM,Clerk#000000792,0,efully express requests. a
608,26,O,62567.99,1996-02-28,3-MEDIUM,Clerk#000000995,0,nic waters wake slyly slyly expre
609,127,F,21088.59,1994-06-01,3-MEDIUM,Clerk#000000348,0,- ironic gifts believe furiously ca
610,52,O,175142.28,1995-08-02,1-URGENT,Clerk#000000610,0,"totes. ironic, unusual packag"
611,106,F,73907.63,1993-01-27,1-URGENT,Clerk#000000401,0,ounts detect furiously ac
612,82,F,145695.42,1992-10-21,3-MEDIUM,Clerk#000000759,0,boost quickly quickly final excuses. final foxes use bravely afte
613,139,O,33396.35,1995-06-18,2-HIGH,Clerk#000000172,0,ts hinder among the deposits. fluffily ironic depos
614,134,F,218116.21,1992-12-01,2-HIGH,Clerk#000000388,0," deposits! even, daring theodol"
615,67,F,32890.89,1992-05-09,5-LOW,Clerk#000000388,0,t to promise asymptotes. packages haggle alongside of the fluffil
640,97,F,145495.62,1993-01-23,2-HIGH,Clerk#000000433,0,"r, unusual accounts boost carefully final ideas. slyly silent theod"
641,133,F,120626.49,1993-08-30,5-LOW,Clerk#000000175,0,ents cajole furiously about the quickly silent pac
642,40,F,22994.51,1993-12-16,3-MEDIUM,Clerk#000000357,0, among the requests wake slyly alongside of th
643,58,P,180396.95,1995-03-25,2-HIGH,Clerk#000000354,0,g dependencies. regular accounts 
644,8,F,201268.06,1992-05-01,1-URGENT,Clerk#000000550,0," blithely unusual platelets haggle ironic, special excuses. excuses unwi"
645,115,F,234763.73,1994-12-03,2-HIGH,Clerk#000000090,0,quickly daring theodolites across the regu
646,52,F,142070.65,1994-11-22,2-HIGH,Clerk#000000203,0,carefully even foxes. fina
647,143,O,56449.23,1997-08-07,1-URGENT,Clerk#000000270,0,egular pearls. carefully express asymptotes are. even account
672,109,F,89877.09,1994-04-14,5-LOW,Clerk#000000106,0,egular requests are furiously according to 
673,80,F,21137.08,1994-03-10,1-URGENT,Clerk#000000448,0, special pinto beans use quickly furiously even depende
674,34,F,27204.6,1992-08-29,5-LOW,Clerk#000000448,0,ully special deposits. furiously final warhorses affix carefully. fluffily f
675,13,O,125188.72,1997-07-31,2-HIGH,Clerk#000000168,0,ffily between the careful
676,38,O,163966.67,1996-12-13,2-HIGH,Clerk#000000248,0,"the final deposits. special, pending"
677,124,F,147915.68,1993-11-24,3-MEDIUM,Clerk#000000824,0,uriously special pinto beans cajole carefully. fi
678,131,F,135761.05,1993-02-27,5-LOW,Clerk#000000530,0,. blithely final somas about the
679,49,O,8945.03,1995-12-15,2-HIGH,Clerk#000000853,0,"tealthy, final pinto beans haggle slyly. pending platelets about the special, "
704,85,O,56210.26,1996-11-21,3-MEDIUM,Clerk#000000682,0,"blithely pending platelets wake alongside of the final, iron"
705,43,O,83773.49,1997-02-13,4-NOT SPECIFIED,Clerk#000000294,0,"ithely regular dependencies. express, even packages sleep slyly pending t"
706,148,O,23973.6,1995-09-09,1-URGENT,Clerk#000000448,0,g the packages. deposits caj
707,118,F,58218.35,1994-11-20,3-MEDIUM,Clerk#000000199,0," ideas about the silent, bold deposits nag dolphins"
708,32,O,100445.59,1998-07-03,3-MEDIUM,Clerk#000000101,0,lphins cajole about t
709,37,O,72055.87,1998-04-21,1-URGENT,Clerk#000000461,0,ons alongside of the carefully bold pinto bea
710,133,F,208974.42,1993-01-02,5-LOW,Clerk#000000026,0," regular, regular requests boost. fluffily re"
711,64,F,92484.7,1993-09-23,4-NOT SPECIFIED,Clerk#000000856,0,its. fluffily regular gifts are furi
736,47,O,130204.17,1998-06-21,5-LOW,Clerk#000000881,0,refully of the final pi
737,121,F,12984.85,1992-04-26,5-LOW,Clerk#000000233,0,"ake blithely express, ironic theodolites. blithely special accounts wa"
738,22,F,114145.18,1993-03-02,4-NOT SPECIFIED,Clerk#000000669,0,ly even foxes. furiously regular accounts cajole ca
739,1,O,159171.69,1998-05-31,5-LOW,Clerk#000000900,0, against the slyly ironic packages nag slyly ironic
740,44,O,83490.99,1995-07-16,3-MEDIUM,Clerk#000000583,0,"courts haggle furiously across the final, regul"
741,106,O,47985.98,1998-07-07,2-HIGH,Clerk#000000295,0,ic instructions. slyly express instructions solv
742,103,F,207632.55,1994-12-23,5-LOW,Clerk#000000543,0,equests? slyly ironic dolphins boost carefully above the blithely
743,79,O,23614.89,1996-10-04,4-NOT SPECIFIED,Clerk#000000933,0,eans. furiously ironic deposits sleep carefully carefully qui
768,98,O,220636.82,1996-08-20,3-MEDIUM,Clerk#000000411,0,jole slyly ironic packages. slyly even idea
769,80,F,43092.76,1993-06-02,3-MEDIUM,Clerk#000000172,0,ggle furiously. ironic packages haggle slyly. bold platelets affix s
770,32,O,64271.75,1998-05-23,5-LOW,Clerk#000000572,0,heodolites. furiously special pinto beans cajole pac
771,46,O,105302.05,1995-06-17,1-URGENT,Clerk#000000105,0,s. furiously final instructions across the deposit
772,97,F,128234.96,1993-04-17,2-HIGH,Clerk#000000430,0,s boost blithely fluffily idle ideas? fluffily even pin
773,133,F,146862.27,1993-09-26,3-MEDIUM,Clerk#000000307,0,"tions are quickly accounts. accounts use bold, even pinto beans. gifts ag"
774,80,O,145857.6,1995-12-04,1-URGENT,Clerk#000000883,0,tealthily even depths
775,134,F,59455.61,1995-03-18,1-URGENT,Clerk#000000191,0,kly express requests. fluffily silent accounts poach furiously
800,56,O,87892.38,1998-07-14,2-HIGH,Clerk#000000213,0,y alongside of the pending packages? final platelets nag fluffily carefu
801,118,F,127717.72,1992-02-18,1-URGENT,Clerk#000000186,0,iously from the furiously enticing reques
802,137,F,156381.95,1995-01-05,1-URGENT,Clerk#000000516,0,"posits. ironic, pending requests cajole. even theodol"
803,16,O,27629.66,1997-04-29,5-LOW,Clerk#000000260,0,ic instructions. even deposits haggle furiously at the deposits-- regular de
804,50,F,94400.43,1993-03-12,3-MEDIUM,Clerk#000000931,0,s. blithely final foxes are about the packag
805,127,O,90042.41,1995-07-05,4-NOT SPECIFIED,Clerk#000000856,0,y according to the fluffily 
806,131,O,26839.16,1996-06-20,2-HIGH,Clerk#000000240,0, the ironic packages wake carefully fina
807,145,F,222392.53,1993-11-24,3-MEDIUM,Clerk#000000012,0,refully special tithes. blithely regular accoun
832,29,F,68494.08,1992-04-19,5-LOW,Clerk#000000495,0,xes. bravely regular packages sleep up the furiously bold accou
833,56,F,49033.69,1994-02-13,3-MEDIUM,Clerk#000000437,0,ts haggle quickly across the slyl
834,43,F,46459.92,1994-05-23,3-MEDIUM,Clerk#000000805,0, sleep. quickly even foxes are boldly. slyly express requests use slyly
835,65,O,62430.67,1995-10-08,4-NOT SPECIFIED,Clerk#000000416,0,s about the carefully special foxes haggle quickly about the
836,70,O,72843.48,1996-11-25,4-NOT SPECIFIED,Clerk#000000729,0,ely bold excuses sleep regular ideas. furiously unusual ideas wake furiou
837,116,F,60918.41,1994-06-15,4-NOT SPECIFIED,Clerk#000000563,0,"kages sleep slyly above the ironic, final orbits"
838,17,O,82918.36,1998-01-29,5-LOW,Clerk#000000213,0, slyly around the slyly even
839,28,O,70182.63,1995-08-08,1-URGENT,Clerk#000000951,0,the carefully even platelets. furiously unusual fo
864,139,O,74710.74,1997-08-17,1-URGENT,Clerk#000000036,0,"ly after the slyly regular deposits. express, regular asymptotes nag ca"
865,4,F,70430.54,1993-05-04,3-MEDIUM,Clerk#000000337,0,. special packages wake after the carefully final accounts. express pinto be
866,40,F,4766.19,1992-11-28,3-MEDIUM,Clerk#000000718,0,"ins after the even, even accounts nod blithel"
867,26,F,7471.75,1993-11-16,3-MEDIUM,Clerk#000000877,0,"pades nag quickly final, "
868,104,F,127345.45,1992-06-09,4-NOT SPECIFIED,Clerk#000000782,0,onic theodolites print carefully. blithely dogge
869,136,O,58932.19,1997-01-12,2-HIGH,Clerk#000000245,0,ar sheaves are slowly. slyly even attainments boost theodolites. furiously
870,34,F,40492.37,1993-06-20,4-NOT SPECIFIED,Clerk#000000123,0,"blithely ironic ideas nod. sly, r"
871,16,O,172861.58,1995-11-15,5-LOW,Clerk#000000882,0,oss the ironic theodolites.
896,2,F,169847.63,1993-03-09,1-URGENT,Clerk#000000187,0,inal packages eat blithely according to the warhorses. furiously quiet de
897,49,P,57697.44,1995-03-20,1-URGENT,Clerk#000000316,0, wake quickly against 
898,55,F,101020.75,1993-06-03,2-HIGH,Clerk#000000611,0,. unusual pinto beans haggle quickly across 
899,109,O,125562.09,1998-04-08,5-LOW,Clerk#000000575,0,rts engage carefully final theodolites.
900,46,F,120073.51,1994-10-01,4-NOT SPECIFIED,Clerk#000000060,0, fluffily express deposits nag furiousl
901,13,O,81826.12,1998-07-21,4-NOT SPECIFIED,Clerk#000000929,0,"lyly even foxes are furious, silent requests. requests about the quickly "
902,10,F,37348.62,1994-07-27,4-NOT SPECIFIED,Clerk#000000811,0,yly final requests over the furiously regula
903,11,O,109351.87,1995-07-07,4-NOT SPECIFIED,Clerk#000000793,0,e slyly about the final pl
928,67,F,228136.49,1995-03-02,5-LOW,Clerk#000000450,0,ithely express pinto beans. 
929,83,F,109301.02,1992-10-02,2-HIGH,Clerk#000000160,0,its. furiously even foxes affix carefully finally silent accounts. express req
930,131,F,199102.23,1994-12-17,1-URGENT,Clerk#000000004,0," accounts nag slyly. ironic, ironic accounts wake blithel"
931,103,F,117909.23,1992-12-07,1-URGENT,Clerk#000000881,0,"ss packages haggle furiously express, regular deposits. even, e"
932,41,O,40234.5,1997-05-16,2-HIGH,Clerk#000000218,0,ly express instructions boost furiously reg
933,97,F,71349.3,1992-08-05,4-NOT SPECIFIED,Clerk#000000752,0,ial courts wake permanently against the furiously regular ideas. unusual 
934,52,O,17213.59,1996-07-03,1-URGENT,Clerk#000000229,0,"ts integrate carefully. sly, regular deposits af"
935,50,O,97733.87,1997-09-24,5-LOW,Clerk#000000180,0,iously final deposits cajole. blithely even packages 
960,35,F,63537.13,1994-09-21,3-MEDIUM,Clerk#000000120,0,regular accounts. requests
961,56,P,158893.16,1995-06-04,4-NOT SPECIFIED,Clerk#000000720,0,ons nag furiously among the quickl
962,37,F,98258.73,1994-05-06,5-LOW,Clerk#000000463,0,ments nag deposits. fluffily ironic a
963,26,F,53287.25,1994-05-26,3-MEDIUM,Clerk#000000497,0,uses haggle carefully. slyly even dependencies after the packages ha
964,76,O,131146.47,1995-05-20,3-MEDIUM,Clerk#000000657,0,"print blithely ironic, careful theodolit"
965,70,P,41758.44,1995-05-15,5-LOW,Clerk#000000218,0,iously special packages. slyly pending requests are carefully 
966,14,O,120516.93,1998-04-30,2-HIGH,Clerk#000000239,0,special deposits. furious
967,110,F,179287.95,1992-06-21,3-MEDIUM,Clerk#000000167,0,excuses engage quickly bold dep
992,55,O,133665.12,1997-11-11,3-MEDIUM,Clerk#000000875,0,ts. regular pinto beans thrash carefully sl
993,80,O,198238.65,1995-09-10,3-MEDIUM,Clerk#000000894,0,quickly express accounts among the furiously bol
994,2,F,41433.48,1994-04-20,5-LOW,Clerk#000000497,0,ole. slyly bold excuses nag caref
995,116,P,135157.92,1995-05-31,3-MEDIUM,Clerk#000000439,0,deas. blithely final deposits play. express accounts wake blithely caref
996,71,O,47447.63,1997-12-29,1-URGENT,Clerk#000000497,0,arefully final packages into the slyly final requests affix blit
997,109,O,27561.82,1997-05-19,2-HIGH,Clerk#000000651,0,ly express depths. furiously final requests haggle furiously. carefu
998,32,F,65269.38,1994-11-26,4-NOT SPECIFIED,Clerk#000000956,0,"ronic dolphins. ironic, bold ideas haggle furiously furious"
999,61,F,145249.13,1993-09-05,5-LOW,Clerk#000000464,0,pitaphs sleep. regular accounts use. f
1024,4,O,176084.63,1997-12-23,5-LOW,Clerk#000000903,0," blithely. even, express theodolites cajole slyly across"
1025,103,F,82034.03,1995-05-05,2-HIGH,Clerk#000000376,0,ross the slyly final pa
1026,73,O,36464.76,1997-06-04,5-LOW,Clerk#000000223,0,s wake blithely. special acco
1027,128,F,112770.89,1992-06-03,3-MEDIUM,Clerk#000000241,0,equests cajole. slyly final pinto bean
1028,70,F,153864.67,1994-01-01,2-HIGH,Clerk#000000131,0,"ts are. final, silent deposits are among the fl"
1029,130,F,47440.91,1994-06-21,2-HIGH,Clerk#000000700,0,quests sleep. slyly even foxes wake quickly final theodolites. clo
1030,134,F,16346.94,1994-06-15,5-LOW,Clerk#000000422,0,ully ironic accounts sleep carefully. requests are carefully alongside of the 
1031,4,F,128024.71,1994-09-01,3-MEDIUM,Clerk#000000448,0,s; ironic theodolites along the carefully ex
1056,28,F,38446.39,1995-02-11,1-URGENT,Clerk#000000125,0,"t, even deposits hang about the slyly special i"
1057,76,F,108107.42,1992-02-20,1-URGENT,Clerk#000000124,0,"cuses dazzle carefully careful, ironic pinto beans. carefully even theod"
1058,53,F,89359.11,1993-04-26,3-MEDIUM,Clerk#000000373,0,kly pending courts haggle. blithely regular sheaves integrate carefully fi
1059,127,F,198360.22,1994-02-27,1-URGENT,Clerk#000000104,0,en accounts. carefully bold packages cajole daringly special depende
1060,140,F,121994.04,1993-02-21,3-MEDIUM,Clerk#000000989,0,l platelets sleep quickly slyly special requests. furiously 
1061,103,O,166947.75,1998-05-15,5-LOW,Clerk#000000576,0,uests sleep at the packages. fur
1062,106,O,39805.04,1997-01-15,1-URGENT,Clerk#000000152,0,eposits use blithely 
1063,37,F,41392.31,1994-04-02,2-HIGH,Clerk#000000024,0,deposits nag quickly regular deposits. quickl
1088,148,F,47120.41,1992-05-21,5-LOW,Clerk#000000347,0,counts are blithely. platelets print. carefully 
1089,49,O,103192.74,1996-05-04,4-NOT SPECIFIED,Clerk#000000226,0,ns haggle ruthlessly. even requests are quickly abov
1090,19,O,32929.3,1997-11-15,2-HIGH,Clerk#000000300,0, furiously regular platelets haggle along the slyly unusual foxes! 
1091,83,O,35795.22,1996-08-27,1-URGENT,Clerk#000000549,0, even pinto beans haggle quickly alongside of the eve
1092,124,P,85552.21,1995-03-04,3-MEDIUM,Clerk#000000006,0,re quickly along the blithe
1093,101,O,79189.58,1997-07-31,4-NOT SPECIFIED,Clerk#000000159,0, after the carefully ironic requests. carefully ironic packages wake fluffil
1094,145,O,9006.25,1997-12-24,3-MEDIUM,Clerk#000000570,0,"beans affix furiously about the pending, even deposits. finally pendi"
1095,145,O,178491.24,1995-08-22,3-MEDIUM,Clerk#000000709,0,sly bold requests cajole carefully according to
1120,140,O,107958.62,1997-11-07,3-MEDIUM,Clerk#000000319,0,lly special requests. slyly pending platelets are quickly pending requ
1121,29,O,241837.88,1997-01-13,3-MEDIUM,Clerk#000000541,0,r escapades. deposits above the fluffily bold requests hag
1122,121,O,179747.47,1997-01-10,1-URGENT,Clerk#000000083,0,uffily carefully final theodolites. furiously express packages affix
1123,73,O,93259.93,1996-08-03,3-MEDIUM,Clerk#000000929,0,uriously pending requests. slyly regular instruction
1124,80,O,141858.97,1998-07-30,5-LOW,Clerk#000000326,0,regular pinto beans along the fluffily silent packages
1125,25,F,80438.38,1994-10-27,2-HIGH,Clerk#000000510,0,ithely final requests. i
1126,145,O,59982.31,1998-01-28,4-NOT SPECIFIED,Clerk#000000928,0,d slyly regular ideas: special ideas believe slyly. slyly ironic sheaves w
1127,58,O,103320.91,1995-09-19,4-NOT SPECIFIED,Clerk#000000397,0,"usly silent, regular pinto beans. blithely express requests boos"
1152,49,F,51775.54,1994-08-14,4-NOT SPECIFIED,Clerk#000000496,0,equests. deposits ab
1153,121,O,220727.97,1996-04-18,5-LOW,Clerk#000000059,0, across the pending deposi
1154,37,F,192417.85,1992-02-15,1-URGENT,Clerk#000000268,0,old asymptotes are special requests. blithely even deposits sleep furiously
1155,149,O,126902.81,1997-10-06,2-HIGH,Clerk#000000164,0,"c deposits haggle among the ironic, even requests. carefully ironic sheaves n"
1156,133,O,217682.81,1996-10-19,1-URGENT,Clerk#000000200,0, blithely ironic dolphins. furiously pendi
1157,97,O,85394.06,1998-01-14,4-NOT SPECIFIED,Clerk#000000207,0,out the regular excuses boost carefully against the furio
1158,142,O,31075.51,1996-06-30,2-HIGH,Clerk#000000549,0,integrate slyly furiously ironic deposit
1159,70,F,55553.68,1992-09-18,3-MEDIUM,Clerk#000000992,0,ts may sleep. requests according to the
1184,89,O,39700.29,1997-10-26,5-LOW,Clerk#000000777,0,iously even packages haggle fluffily care
1185,74,F,47033.21,1992-08-24,5-LOW,Clerk#000000344,0, even escapades are. package
1186,59,O,82026.18,1996-08-15,4-NOT SPECIFIED,Clerk#000000798,0,ingly regular pinto beans: instructi
1187,134,F,85948.02,1992-11-20,3-MEDIUM,Clerk#000000047,0,s after the furiously final deposits boost slyly under the
1188,20,O,54655.07,1996-04-11,2-HIGH,Clerk#000000256,0,ully ironic deposits. slyl
